escenario,diseno_ciclo,semilla,verde_s,fase,direccion,carril,tipo,spawn_s,cruce_s,demora_total_s,idle_time_s,prt_gastado_s
CONTROL,CONSTANTE,42,12.0,Norte-Sur,up,1,car,1.0,2.967,1.967,0.0,0.0
CONTROL,CONSTANTE,42,12.0,Norte-Sur,down,1,truck,2.033,4.517,2.483,0.0,0.0
CONTROL,CONSTANTE,42,12.0,Norte-Sur,up,1,bus,3.067,6.15,3.083,0.0,0.0
CONTROL,CONSTANTE,42,12.0,Norte-Sur,down,1,car,5.117,7.733,2.617,0.0,0.0
CONTROL,CONSTANTE,42,12.0,Norte-Sur,down,2,bus,7.2,9.55,2.35,0.0,0.0
CONTROL,CONSTANTE,42,12.0,Este-Oeste,right,1,truck,11.233,16.117,4.883,0.0,0.0
CONTROL,CONSTANTE,42,12.0,Este-Oeste,right,2,car,4.083,17.567,13.483,9.5,1.5
CONTROL,CONSTANTE,42,12.0,Este-Oeste,left,1,bus,6.15,17.583,11.433,5.867,1.5
CONTROL,CONSTANTE,42,12.0,Este-Oeste,right,2,bike,8.2,19.517,11.317,7.183,1.5
CONTROL,CONSTANTE,42,12.0,Este-Oeste,right,2,truck,13.25,21.7,8.45,2.417,1.5
CONTROL,CONSTANTE,42,12.0,Este-Oeste,right,2,bus,18.317,24.933,6.617,0.0,0.0
CONTROL,CONSTANTE,42,12.0,Norte-Sur,up,2,car,15.267,33.583,18.317,16.35,1.5
CONTROL,CONSTANTE,42,12.0,Norte-Sur,down,2,bus,9.2,33.6,24.4,21.2,1.5
CONTROL,CONSTANTE,42,12.0,Norte-Sur,down,1,truck,10.217,33.6,23.383,19.55,1.5
CONTROL,CONSTANTE,42,12.0,Norte-Sur,up,1,truck,16.283,33.617,17.333,13.4,1.5
CONTROL,CONSTANTE,42,12.0,Norte-Sur,down,1,bike,12.233,35.6,23.367,19.917,1.5
CONTROL,CONSTANTE,42,12.0,Norte-Sur,up,1,car,17.3,35.667,18.367,14.65,1.5
CONTROL,CONSTANTE,42,12.0,Norte-Sur,down,2,bike,25.5,35.683,10.183,7.017,1.5
CONTROL,CONSTANTE,42,12.0,Norte-Sur,up,2,truck,20.383,35.733,15.35,12.267,1.5
CONTROL,CONSTANTE,42,12.0,Norte-Sur,down,1,bike,14.267,37.45,23.183,19.4,1.5
CONTROL,CONSTANTE,42,12.0,Norte-Sur,down,2,truck,28.567,37.933,9.367,4.7,1.5
CONTROL,CONSTANTE,42,12.0,Norte-Sur,up,1,truck,22.433,37.95,15.517,10.233,1.5
CONTROL,CONSTANTE,42,12.0,Norte-Sur,up,2,bus,26.533,37.95,11.417,7.617,1.5
CONTROL,CONSTANTE,42,12.0,Norte-Sur,up,2,bike,31.633,39.65,8.017,4.683,1.5
CONTROL,CONSTANTE,42,12.0,Norte-Sur,down,2,bike,35.717,39.733,4.017,0.0,0.0
CONTROL,CONSTANTE,42,12.0,Norte-Sur,down,1,bus,19.35,39.783,20.433,15.033,1.5
CONTROL,CONSTANTE,42,12.0,Norte-Sur,up,1,truck,23.45,40.167,16.717,10.7,1.5
CONTROL,CONSTANTE,42,12.0,Norte-Sur,down,1,truck,21.4,42.133,20.733,14.35,1.5
CONTROL,CONSTANTE,42,12.0,Norte-Sur,up,1,truck,30.617,42.367,11.75,5.05,1.5
CONTROL,CONSTANTE,42,12.0,Norte-Sur,down,1,bike,32.65,43.4,10.75,5.483,1.5
CONTROL,CONSTANTE,42,12.0,Norte-Sur,up,2,bus,38.783,43.917,5.133,0.0,0.0
CONTROL,CONSTANTE,42,12.0,Este-Oeste,left,1,car,29.6,49.633,20.033,14.917,1.5
CONTROL,CONSTANTE,42,12.0,Este-Oeste,right,2,bus,36.733,49.633,12.9,5.45,1.5
CONTROL,CONSTANTE,42,12.0,Este-Oeste,right,1,bus,24.483,49.65,25.167,19.7,1.5
CONTROL,CONSTANTE,42,12.0,Este-Oeste,left,2,truck,34.7,49.65,14.95,9.4,1.5
CONTROL,CONSTANTE,42,12.0,Este-Oeste,right,2,truck,42.85,51.25,8.4,0.0,0.0
CONTROL,CONSTANTE,42,12.0,Este-Oeste,left,2,bike,40.817,51.617,10.8,6.3,1.5
CONTROL,CONSTANTE,42,12.0,Este-Oeste,right,1,car,27.55,51.783,24.233,19.033,1.5
CONTROL,CONSTANTE,42,12.0,Este-Oeste,left,1,truck,45.933,52.983,7.05,0.0,0.0
CONTROL,CONSTANTE,42,12.0,Este-Oeste,right,2,truck,43.867,53.0,9.133,0.0,0.0
CONTROL,CONSTANTE,42,12.0,Este-Oeste,right,1,car,37.767,53.8,16.033,10.317,1.5
CONTROL,CONSTANTE,42,12.0,Este-Oeste,right,2,truck,50.05,59.9,9.85,0.0,0.0
CONTROL,CONSTANTE,42,12.0,Norte-Sur,down,2,car,39.8,65.65,25.85,21.117,1.5
CONTROL,CONSTANTE,42,12.0,Norte-Sur,up,1,bus,33.683,65.667,31.983,24.567,3.0
CONTROL,CONSTANTE,42,12.0,Norte-Sur,up,2,car,46.967,65.667,18.7,13.917,1.5
CONTROL,CONSTANTE,42,12.0,Norte-Sur,down,1,bus,47.983,65.667,17.683,10.233,1.5
CONTROL,CONSTANTE,42,12.0,Norte-Sur,down,2,car,51.083,67.667,16.583,11.333,1.5
CONTROL,CONSTANTE,42,12.0,Norte-Sur,up,1,car,41.833,67.817,25.983,19.383,1.5
CONTROL,CONSTANTE,42,12.0,Norte-Sur,down,1,bus,52.1,68.0,15.9,7.617,1.5
CONTROL,CONSTANTE,42,12.0,Norte-Sur,up,1,bike,44.9,69.7,24.8,18.383,1.5
CONTROL,CONSTANTE,42,12.0,Norte-Sur,down,1,bike,56.167,69.833,13.667,6.833,1.5
CONTROL,CONSTANTE,42,12.0,Norte-Sur,down,1,bike,60.267,71.683,11.417,4.233,1.5
CONTROL,CONSTANTE,42,12.0,Norte-Sur,up,1,bus,49.017,72.117,23.1,13.7,1.5
CONTROL,CONSTANTE,42,12.0,Norte-Sur,up,2,bus,66.433,73.05,6.617,0.0,0.0
CONTROL,CONSTANTE,42,12.0,Norte-Sur,up,1,car,53.117,73.883,20.767,12.583,1.5
CONTROL,CONSTANTE,42,12.0,Norte-Sur,down,1,bus,61.3,74.283,12.983,2.867,1.5
CONTROL,CONSTANTE,42,12.0,Norte-Sur,down,2,bus,68.467,75.483,7.017,0.0,0.0
CONTROL,CONSTANTE,42,12.0,Norte-Sur,up,1,bike,54.133,75.617,21.483,13.65,1.5
CONTROL,CONSTANTE,42,12.0,Este-Oeste,left,1,bike,57.2,81.683,24.483,18.917,1.5
CONTROL,CONSTANTE,42,12.0,Este-Oeste,left,2,bus,58.217,81.7,23.483,16.733,1.5
CONTROL,CONSTANTE,42,12.0,Este-Oeste,right,2,car,65.417,81.7,16.283,7.783,1.5
CONTROL,CONSTANTE,42,12.0,Este-Oeste,right,1,bus,63.367,81.717,18.35,10.767,1.5
CONTROL,CONSTANTE,42,12.0,Este-Oeste,left,1,bike,67.45,83.55,16.1,10.167,1.5
CONTROL,CONSTANTE,42,12.0,Este-Oeste,right,2,bike,69.5,83.65,14.15,5.933,1.5
CONTROL,CONSTANTE,42,12.0,Este-Oeste,right,1,car,64.383,83.867,19.483,12.583,3.0
CONTROL,CONSTANTE,42,12.0,Este-Oeste,left,2,truck,59.233,84.05,24.817,17.2,1.5
CONTROL,CONSTANTE,42,12.0,Este-Oeste,left,1,bike,76.633,85.4,8.767,2.483,1.5
CONTROL,CONSTANTE,42,12.0,Este-Oeste,right,2,bike,74.583,85.5,10.917,2.333,1.5
CONTROL,CONSTANTE,42,12.0,Este-Oeste,left,2,bike,71.533,85.8,14.267,8.283,1.5
CONTROL,CONSTANTE,42,12.0,Este-Oeste,right,1,car,73.567,85.883,12.317,4.9,1.5
CONTROL,CONSTANTE,42,12.0,Este-Oeste,left,1,bus,78.667,87.883,9.217,0.0,0.0
CONTROL,CONSTANTE,42,12.0,Este-Oeste,left,2,bus,77.65,88.233,10.583,1.783,1.5
CONTROL,CONSTANTE,42,12.0,Este-Oeste,right,1,bus,75.617,88.317,12.7,3.0,1.5
CONTROL,CONSTANTE,42,12.0,Este-Oeste,right,1,bike,83.75,91.6,7.85,0.0,0.0
CONTROL,CONSTANTE,42,12.0,Este-Oeste,left,1,bus,81.717,91.767,10.05,0.0,0.0
CONTROL,CONSTANTE,42,12.0,Norte-Sur,up,2,bike,72.55,97.717,25.167,19.8,1.5
CONTROL,CONSTANTE,42,12.0,Norte-Sur,down,2,bike,82.733,97.717,14.983,9.083,1.5
CONTROL,CONSTANTE,42,12.0,Norte-Sur,down,1,bike,84.767,97.717,12.95,4.817,1.5
CONTROL,CONSTANTE,42,12.0,Norte-Sur,up,1,bus,55.15,97.75,42.6,31.233,3.0
CONTROL,CONSTANTE,42,12.0,Norte-Sur,down,2,truck,85.783,99.717,13.933,5.45,1.5
CONTROL,CONSTANTE,42,12.0,Norte-Sur,up,1,car,62.333,99.9,37.567,27.783,3.0
CONTROL,CONSTANTE,42,12.0,Norte-Sur,up,1,car,70.517,101.9,31.383,21.117,1.5
CONTROL,CONSTANTE,42,12.0,Norte-Sur,down,2,bus,87.833,101.917,14.083,5.017,1.5
CONTROL,CONSTANTE,42,12.0,Norte-Sur,up,1,car,79.683,103.917,24.233,13.45,1.5
CONTROL,CONSTANTE,42,12.0,Norte-Sur,up,1,car,80.7,105.933,25.233,13.933,1.5
CONTROL,CONSTANTE,42,12.0,Norte-Sur,down,2,truck,95.983,106.0,10.017,0.0,0.0
CONTROL,CONSTANTE,42,12.0,Norte-Sur,up,1,car,88.867,107.933,19.067,7.267,1.5
CONTROL,CONSTANTE,42,12.0,Este-Oeste,right,2,bike,86.817,113.75,26.933,18.017,1.5
CONTROL,CONSTANTE,42,12.0,Este-Oeste,left,1,car,92.933,113.75,20.817,12.1,1.5
CONTROL,CONSTANTE,42,12.0,Este-Oeste,right,1,truck,89.883,113.783,23.9,12.733,1.5
CONTROL,CONSTANTE,42,12.0,Este-Oeste,right,2,bus,102.1,114.633,12.533,0.0,0.0
CONTROL,CONSTANTE,42,12.0,Este-Oeste,right,1,bike,90.9,115.383,24.483,15.767,3.0
CONTROL,CONSTANTE,42,12.0,Este-Oeste,left,1,car,93.95,115.767,21.817,12.583,1.5
CONTROL,CONSTANTE,42,12.0,Este-Oeste,right,1,car,91.917,117.433,25.517,15.567,3.0
CONTROL,CONSTANTE,42,12.0,Este-Oeste,right,2,truck,104.133,117.65,13.517,0.0,0.0
CONTROL,CONSTANTE,42,12.0,Este-Oeste,left,1,car,94.967,117.767,22.8,13.067,1.5
CONTROL,CONSTANTE,42,12.0,Este-Oeste,left,1,car,100.05,119.783,19.733,9.467,1.5
CONTROL,CONSTANTE,42,12.0,Este-Oeste,left,1,car,101.083,121.8,20.717,9.95,1.5
CONTROL,CONSTANTE,42,12.0,Este-Oeste,left,2,bike,116.383,123.317,6.933,0.0,0.0
CONTROL,CONSTANTE,42,12.0,Este-Oeste,right,2,bike,113.333,123.733,10.4,0.0,0.0
CONTROL,CONSTANTE,42,12.0,Norte-Sur,up,1,bike,98.017,129.783,31.767,20.683,1.5
CONTROL,CONSTANTE,42,12.0,Norte-Sur,up,2,bike,105.167,129.783,24.617,18.9,1.5
CONTROL,CONSTANTE,42,12.0,Norte-Sur,down,1,truck,97.0,129.817,32.817,21.25,1.5
CONTROL,CONSTANTE,42,12.0,Norte-Sur,down,2,truck,99.033,129.817,30.783,20.05,1.5
CONTROL,CONSTANTE,42,12.0,Norte-Sur,up,2,car,106.183,131.683,25.5,18.75,1.5
CONTROL,CONSTANTE,42,12.0,Norte-Sur,up,1,car,108.217,131.683,23.467,10.733,1.5
CONTROL,CONSTANTE,42,12.0,Norte-Sur,down,1,truck,103.117,132.017,28.9,16.617,1.5
CONTROL,CONSTANTE,42,12.0,Norte-Sur,down,2,bus,109.25,132.017,22.767,11.45,1.5
CONTROL,CONSTANTE,42,12.0,Norte-Sur,up,1,car,112.317,133.683,21.367,8.15,1.5
CONTROL,CONSTANTE,42,12.0,Norte-Sur,up,2,car,114.35,133.7,19.35,12.083,1.5
CONTROL,CONSTANTE,42,12.0,Norte-Sur,down,1,car,107.2,133.917,26.717,16.267,1.5
CONTROL,CONSTANTE,42,12.0,Norte-Sur,down,2,bus,110.267,134.35,24.083,11.9,1.5
CONTROL,CONSTANTE,42,12.0,Norte-Sur,up,2,truck,126.583,136.3,9.717,0.0,0.0
CONTROL,CONSTANTE,42,12.0,Norte-Sur,down,1,bus,118.417,136.35,17.933,4.433,1.5
CONTROL,CONSTANTE,42,12.0,Norte-Sur,down,2,truck,111.3,136.683,25.383,12.25,1.5
CONTROL,CONSTANTE,42,12.0,Norte-Sur,down,2,car,120.45,138.25,17.8,6.667,1.5
CONTROL,CONSTANTE,42,12.0,Norte-Sur,down,1,bus,122.5,138.683,16.183,1.833,1.5
CONTROL,CONSTANTE,42,12.0,Norte-Sur,up,1,car,125.55,139.3,13.75,0.0,0.0
CONTROL,CONSTANTE,42,12.0,Norte-Sur,down,1,bike,123.517,139.567,16.05,4.867,3.0
CONTROL,CONSTANTE,42,12.0,Este-Oeste,right,1,car,117.4,145.783,28.383,17.917,1.5
CONTROL,CONSTANTE,42,12.0,Este-Oeste,right,2,bus,115.367,145.817,30.45,15.867,1.5
CONTROL,CONSTANTE,42,12.0,Este-Oeste,left,1,bus,124.533,145.817,21.283,7.183,1.5
CONTROL,CONSTANTE,42,12.0,Este-Oeste,right,1,bus,131.6,147.917,16.317,2.8,1.5
CONTROL,CONSTANTE,42,12.0,Este-Oeste,right,2,bus,119.433,148.133,28.7,13.283,1.5
CONTROL,CONSTANTE,42,12.0,Este-Oeste,left,2,car,140.6,148.7,8.1,0.0,0.0
CONTROL,CONSTANTE,42,12.0,Este-Oeste,right,2,bus,127.6,150.467,22.867,6.6,1.5
CONTROL,CONSTANTE,42,12.0,Este-Oeste,right,2,car,128.6,152.083,23.483,9.633,3.0
CONTROL,CONSTANTE,42,12.0,Este-Oeste,right,1,truck,137.6,152.1,14.5,0.0,0.0
CONTROL,CONSTANTE,42,12.0,Este-Oeste,left,1,bike,142.6,153.367,10.767,0.0,0.0
CONTROL,CONSTANTE,42,12.0,Este-Oeste,right,2,bike,135.6,153.75,18.15,5.117,1.5
CONTROL,CONSTANTE,42,12.0,Este-Oeste,left,2,bus,143.617,154.383,10.767,0.0,0.0
CONTROL,CONSTANTE,42,12.0,Este-Oeste,right,2,car,136.6,155.967,19.367,4.617,1.5
CONTROL,CONSTANTE,42,12.0,Este-Oeste,left,2,bike,147.633,156.0,8.367,0.0,0.0
CONTROL,CONSTANTE,42,12.0,Norte-Sur,down,2,car,121.467,161.767,40.3,28.633,3.0
CONTROL,CONSTANTE,42,12.0,Norte-Sur,down,1,bike,129.6,161.783,32.183,20.65,1.5
CONTROL,CONSTANTE,42,12.0,Norte-Sur,up,1,truck,133.6,161.8,28.2,10.4,1.5
CONTROL,CONSTANTE,42,12.0,Norte-Sur,up,2,truck,134.6,161.817,27.217,16.783,1.5
CONTROL,CONSTANTE,42,12.0,Norte-Sur,down,2,bike,130.6,163.717,33.117,22.067,1.5
CONTROL,CONSTANTE,42,12.0,Norte-Sur,up,2,bike,138.6,163.783,25.183,17.167,1.5
CONTROL,CONSTANTE,42,12.0,Norte-Sur,up,1,truck,145.617,164.15,18.533,0.0,0.0
CONTROL,CONSTANTE,42,12.0,Norte-Sur,down,2,bus,132.6,165.883,33.283,17.8,1.5
CONTROL,CONSTANTE,42,12.0,Norte-Sur,up,2,truck,139.6,165.983,26.383,14.75,1.5
CONTROL,CONSTANTE,42,12.0,Norte-Sur,up,2,car,144.617,167.783,23.167,13.3,1.5
CONTROL,CONSTANTE,42,12.0,Norte-Sur,down,2,car,151.633,167.817,16.183,2.95,1.5
CONTROL,CONSTANTE,42,12.0,Norte-Sur,up,1,bike,155.65,169.5,13.85,0.0,0.0
CONTROL,CONSTANTE,42,12.0,Norte-Sur,up,2,truck,146.633,170.317,23.683,10.7,1.5
CONTROL,CONSTANTE,42,12.0,Norte-Sur,up,2,bike,149.633,171.6,21.967,12.1,1.5
CONTROL,CONSTANTE,42,12.0,Este-Oeste,left,1,bike,154.65,177.783,23.133,12.033,1.5
CONTROL,CONSTANTE,42,12.0,Este-Oeste,right,2,bus,141.6,177.8,36.2,17.333,1.5
CONTROL,CONSTANTE,42,12.0,Este-Oeste,right,1,truck,148.633,177.8,29.167,13.967,1.5
CONTROL,CONSTANTE,42,12.0,Este-Oeste,left,2,bus,150.633,177.8,27.167,15.067,1.5
CONTROL,CONSTANTE,42,12.0,Este-Oeste,left,1,car,160.667,179.683,19.017,6.283,1.5
CONTROL,CONSTANTE,42,12.0,Este-Oeste,right,1,bus,159.667,180.0,20.333,4.55,1.5
CONTROL,CONSTANTE,42,12.0,Este-Oeste,left,2,bus,152.65,180.15,27.5,14.55,1.5
CONTROL,CONSTANTE,42,12.0,Este-Oeste,left,1,bike,166.667,181.583,14.917,3.0,1.5
CONTROL,CONSTANTE,42,12.0,Este-Oeste,right,1,bike,163.667,181.9,18.233,6.0,1.5
CONTROL,CONSTANTE,42,12.0,Este-Oeste,left,2,truck,153.65,182.483,28.833,15.05,1.5
CONTROL,CONSTANTE,42,12.0,Este-Oeste,right,1,bike,165.667,183.75,18.083,5.5,1.5
CONTROL,CONSTANTE,42,12.0,Este-Oeste,left,2,car,156.65,184.2,27.55,15.95,1.5
CONTROL,CONSTANTE,42,12.0,Este-Oeste,left,1,bus,167.667,184.717,17.05,0.0,0.0
CONTROL,CONSTANTE,42,12.0,Este-Oeste,right,2,bike,170.683,185.15,14.467,0.0,0.0
CONTROL,CONSTANTE,42,12.0,Este-Oeste,left,2,car,161.667,186.217,24.55,12.433,1.5
CONTROL,CONSTANTE,42,12.0,Norte-Sur,down,1,bike,173.717,193.783,20.067,8.167,1.5
CONTROL,CONSTANTE,42,12.0,Norte-Sur,up,1,truck,157.65,193.8,36.15,16.417,1.5
CONTROL,CONSTANTE,42,12.0,Norte-Sur,up,2,bus,168.667,193.8,25.133,10.933,1.5
CONTROL,CONSTANTE,42,12.0,Norte-Sur,down,2,bus,158.667,193.817,35.15,18.183,1.5
CONTROL,CONSTANTE,42,12.0,Norte-Sur,down,1,truck,175.717,195.767,20.05,3.25,1.5
CONTROL,CONSTANTE,42,12.0,Norte-Sur,up,1,car,164.667,195.85,31.183,14.833,1.5
CONTROL,CONSTANTE,42,12.0,Norte-Sur,down,2,bike,171.7,195.883,24.183,11.1,1.5
CONTROL,CONSTANTE,42,12.0,Norte-Sur,up,2,truck,169.683,196.15,26.467,11.433,1.5
CONTROL,CONSTANTE,42,12.0,Norte-Sur,up,1,bike,174.717,197.733,23.017,7.85,1.5
CONTROL,CONSTANTE,42,12.0,Norte-Sur,down,2,bike,180.75,197.75,17.0,3.567,1.5
CONTROL,CONSTANTE,42,12.0,Norte-Sur,up,2,bus,172.717,198.367,25.65,9.9,1.5
CONTROL,CONSTANTE,42,12.0,Norte-Sur,up,2,bus,178.733,200.7,21.967,5.367,1.5
CONTROL,CONSTANTE,42,12.0,Norte-Sur,down,2,bus,182.75,201.533,18.783,0.0,0.0
CONTROL,CONSTANTE,42,12.0,Norte-Sur,down,2,car,184.75,203.65,18.9,3.033,3.0
CONTROL,CONSTANTE,42,12.0,Este-Oeste,right,1,car,177.733,209.783,32.05,17.8,1.5
CONTROL,CONSTANTE,42,12.0,Este-Oeste,right,2,bike,181.75,209.783,28.033,13.233,1.5
CONTROL,CONSTANTE,42,12.0,Este-Oeste,left,1,bike,189.75,209.783,20.033,7.15,1.5
CONTROL,CONSTANTE,42,12.0,Este-Oeste,left,2,bus,162.667,209.817,47.15,31.367,3.0
CONTROL,CONSTANTE,42,12.0,Este-Oeste,left,1,bus,190.75,211.783,21.033,2.633,1.5
CONTROL,CONSTANTE,42,12.0,Este-Oeste,right,1,bus,179.75,211.933,32.183,13.933,1.5
CONTROL,CONSTANTE,42,12.0,Este-Oeste,left,2,truck,176.733,212.15,35.417,18.8,1.5
CONTROL,CONSTANTE,42,12.0,Este-Oeste,right,2,bike,197.783,212.933,15.15,0.0,0.0
CONTROL,CONSTANTE,42,12.0,Este-Oeste,left,1,bike,192.767,213.717,20.95,7.117,4.5
CONTROL,CONSTANTE,42,12.0,Este-Oeste,left,2,car,183.75,214.033,30.283,16.417,1.5
CONTROL,CONSTANTE,42,12.0,Este-Oeste,left,2,bike,185.75,215.85,30.1,17.167,1.5
CONTROL,CONSTANTE,42,12.0,Este-Oeste,left,2,truck,187.75,218.467,30.717,12.25,1.5
CONTROL,CONSTANTE,42,12.0,Norte-Sur,up,1,car,191.767,225.783,34.017,16.767,1.5
CONTROL,CONSTANTE,42,12.0,Norte-Sur,up,2,bike,196.767,225.783,29.017,16.45,1.5
CONTROL,CONSTANTE,42,12.0,Norte-Sur,down,2,bus,186.75,225.8,39.05,18.783,1.5
CONTROL,CONSTANTE,42,12.0,Norte-Sur,down,1,bus,193.767,225.8,32.033,14.667,1.5
CONTROL,CONSTANTE,42,12.0,Norte-Sur,up,1,bike,198.783,227.733,28.95,12.967,1.5
CONTROL,CONSTANTE,42,12.0,Norte-Sur,up,2,bus,203.8,227.783,23.983,6.067,1.5
CONTROL,CONSTANTE,42,12.0,Norte-Sur,down,2,car,188.75,227.95,39.2,22.15,4.5
CONTROL,CONSTANTE,42,12.0,Norte-Sur,down,1,car,201.8,227.95,26.15,11.417,1.5
CONTROL,CONSTANTE,42,12.0,Norte-Sur,up,1,car,200.8,229.667,28.867,10.717,1.5
CONTROL,CONSTANTE,42,12.0,Norte-Sur,up,2,bike,208.8,229.717,20.917,7.417,1.5
CONTROL,CONSTANTE,42,12.0,Norte-Sur,down,2,bike,194.767,229.833,35.067,19.15,1.5
CONTROL,CONSTANTE,42,12.0,Norte-Sur,down,1,car,202.8,229.967,27.167,11.917,1.5
CONTROL,CONSTANTE,42,12.0,Norte-Sur,down,2,bike,195.767,231.683,35.917,19.65,1.5
CONTROL,CONSTANTE,42,12.0,Norte-Sur,down,1,car,206.8,231.967,25.167,9.417,1.5
CONTROL,CONSTANTE,42,12.0,Norte-Sur,up,1,bus,209.8,233.133,23.333,0.0,0.0
CONTROL,CONSTANTE,42,12.0,Norte-Sur,down,2,car,199.783,233.733,33.95,15.6,1.5
CONTROL,CONSTANTE,42,12.0,Norte-Sur,down,1,car,207.8,233.983,26.183,9.917,1.5
CONTROL,CONSTANTE,42,12.0,Norte-Sur,up,1,bus,210.8,234.983,24.183,0.0,0.0
CONTROL,CONSTANTE,42,12.0,Norte-Sur,up,2,truck,216.817,236.067,19.25,0.0,0.0
CONTROL,CONSTANTE,42,12.0,Este-Oeste,left,1,car,204.8,241.783,36.983,21.217,1.5
CONTROL,CONSTANTE,42,12.0,Este-Oeste,left,2,car,212.8,241.783,28.983,13.65,1.5
CONTROL,CONSTANTE,42,12.0,Este-Oeste,right,2,truck,205.8,241.817,36.017,14.7,1.5
CONTROL,CONSTANTE,42,12.0,Este-Oeste,right,1,car,227.817,243.25,15.433,0.0,0.0
CONTROL,CONSTANTE,42,12.0,Este-Oeste,right,2,bike,213.8,243.8,30.0,13.983,1.5
CONTROL,CONSTANTE,42,12.0,Este-Oeste,left,1,truck,211.8,243.933,32.133,11.783,1.5
CONTROL,CONSTANTE,42,12.0,Este-Oeste,left,2,truck,218.817,243.933,25.117,5.3,1.5
CONTROL,CONSTANTE,42,12.0,Este-Oeste,right,2,bus,217.817,246.0,28.183,5.8,1.5
CONTROL,CONSTANTE,42,12.0,Este-Oeste,left,1,truck,214.8,246.15,31.35,10.283,1.5
CONTROL,CONSTANTE,42,12.0,Este-Oeste,left,2,truck,226.817,247.35,20.533,0.0,0.0
CONTROL,CONSTANTE,42,12.0,Este-Oeste,left,1,bike,215.8,247.767,31.967,16.267,6.0
CONTROL,CONSTANTE,42,12.0,Este-Oeste,right,2,bike,230.817,247.8,16.983,0.0,0.0
CONTROL,CONSTANTE,42,12.0,Este-Oeste,left,2,bus,228.817,250.05,21.233,0.0,0.0
CONTROL,CONSTANTE,42,12.0,Norte-Sur,down,2,bike,219.817,257.783,37.967,20.883,1.5
CONTROL,CONSTANTE,42,12.0,Norte-Sur,up,1,bike,221.817,257.783,35.967,17.95,1.5
CONTROL,CONSTANTE,42,12.0,Norte-Sur,down,1,bus,220.817,257.8,36.983,16.217,1.5
CONTROL,CONSTANTE,42,12.0,Norte-Sur,up,2,bus,229.817,257.817,28.0,8.033,1.5
CONTROL,CONSTANTE,42,12.0,Norte-Sur,down,2,bike,222.817,259.633,36.817,19.383,1.5
CONTROL,CONSTANTE,42,12.0,Norte-Sur,down,1,bike,232.817,259.883,27.067,11.25,1.5
CONTROL,CONSTANTE,42,12.0,Norte-Sur,up,2,truck,234.817,260.15,25.333,4.533,1.5
CONTROL,CONSTANTE,42,12.0,Norte-Sur,down,2,car,223.817,261.567,37.75,18.1,1.5
CONTROL,CONSTANTE,42,12.0,Norte-Sur,down,1,bus,239.817,261.917,22.1,0.0,0.0
CONTROL,CONSTANTE,42,12.0,Norte-Sur,up,2,truck,235.817,262.367,26.55,5.033,1.5
CONTROL,CONSTANTE,42,12.0,Norte-Sur,down,2,bus,224.817,263.883,39.067,14.083,1.5
CONTROL,CONSTANTE,42,12.0,Norte-Sur,up,2,bike,240.817,263.917,23.1,7.1,3.0
CONTROL,CONSTANTE,42,12.0,Norte-Sur,down,1,truck,242.817,265.9,23.083,0.0,0.0
CONTROL,CONSTANTE,42,12.0,Norte-Sur,up,2,car,245.817,266.0,20.183,1.983,1.5
CONTROL,CONSTANTE,42,12.0,Norte-Sur,down,2,truck,225.817,266.233,40.417,14.45,1.5
CONTROL,CONSTANTE,42,12.0,Norte-Sur,down,2,car,231.817,267.8,35.983,14.583,1.5
CONTROL,CONSTANTE,42,12.0,Este-Oeste,right,2,bus,238.817,273.833,35.017,11.3,1.5
CONTROL,CONSTANTE,42,12.0,Este-Oeste,left,2,truck,233.817,273.85,40.033,17.95,1.5
CONTROL,CONSTANTE,42,12.0,Este-Oeste,right,1,truck,237.817,273.85,36.033,16.167,1.5
CONTROL,CONSTANTE,42,12.0,Este-Oeste,left,2,car,247.833,275.883,28.05,9.817,1.5
CONTROL,CONSTANTE,42,12.0,Este-Oeste,right,1,truck,241.817,276.05,34.233,13.65,1.5
CONTROL,CONSTANTE,42,12.0,Este-Oeste,right,2,bus,243.817,276.183,32.367,7.8,1.5
CONTROL,CONSTANTE,42,12.0,Este-Oeste,right,1,bike,250.833,277.833,27.0,11.5,1.5
CONTROL,CONSTANTE,42,12.0,Este-Oeste,right,2,bus,244.817,278.533,33.717,8.3,1.5
CONTROL,CONSTANTE,42,12.0,Este-Oeste,left,2,bus,255.883,279.317,23.433,0.0,0.0
CONTROL,CONSTANTE,42,12.0,Este-Oeste,right,1,car,252.85,279.85,27.0,9.517,1.5
CONTROL,CONSTANTE,42,12.0,Este-Oeste,right,2,bus,246.833,280.867,34.033,7.783,1.5
CONTROL,CONSTANTE,42,12.0,Este-Oeste,left,2,bike,257.917,281.467,23.55,6.067,6.0
CONTROL,CONSTANTE,42,12.0,Este-Oeste,right,2,bike,251.85,282.25,30.4,10.633,3.0
CONTROL,CONSTANTE,42,12.0,Este-Oeste,left,2,car,263.0,282.817,19.817,0.0,0.0
CONTROL,CONSTANTE,42,12.0,Este-Oeste,right,2,bike,264.017,284.133,20.117,0.0,0.0
CONTROL,CONSTANTE,42,12.0,Este-Oeste,right,1,bus,261.983,284.267,22.283,0.0,0.0
CONTROL,CONSTANTE,42,12.0,Norte-Sur,down,2,bike,236.817,289.85,53.033,33.2,3.0
CONTROL,CONSTANTE,42,12.0,Norte-Sur,up,2,car,254.867,289.85,34.983,16.283,1.5
CONTROL,CONSTANTE,42,12.0,Norte-Sur,up,1,car,258.933,289.85,30.917,10.517,1.5
CONTROL,CONSTANTE,42,12.0,Norte-Sur,down,1,bus,249.833,289.883,40.05,16.383,1.5
CONTROL,CONSTANTE,42,12.0,Norte-Sur,down,2,bike,248.833,291.7,42.867,22.683,3.0
CONTROL,CONSTANTE,42,12.0,Norte-Sur,up,2,bike,256.9,291.8,34.9,17.617,1.5
CONTROL,CONSTANTE,42,12.0,Norte-Sur,down,1,truck,253.85,292.217,38.367,13.717,1.5
CONTROL,CONSTANTE,42,12.0,Norte-Sur,up,2,bus,265.033,293.967,28.933,4.45,1.5
CONTROL,CONSTANTE,42,12.0,Norte-Sur,down,1,bus,259.95,294.417,34.467,9.25,1.5
CONTROL,CONSTANTE,42,12.0,Norte-Sur,down,1,car,260.967,296.25,35.283,14.283,6.0
CONTROL,CONSTANTE,42,12.0,Norte-Sur,up,2,bus,267.067,296.317,29.25,3.917,1.5
CONTROL,CONSTANTE,42,12.0,Norte-Sur,up,2,bus,271.133,297.317,26.183,0.0,0.0
CONTROL,CONSTANTE,42,12.0,Norte-Sur,up,2,bike,273.167,298.683,25.517,6.067,6.0
CONTROL,CONSTANTE,42,12.0,Norte-Sur,down,1,bus,269.1,298.883,29.783,3.083,1.5
CONTROL,CONSTANTE,42,12.0,Norte-Sur,up,1,car,278.25,299.167,20.917,0.0,0.0
CONTROL,CONSTANTE,42,12.0,Norte-Sur,up,2,car,276.217,299.75,23.533,1.533,1.5
